volume_spilled_m3,n_replicates,SRA_mean,SRA_std,SRA_ci95,Jaccard_mean,Jaccard_std,Jaccard_ci95,DICE_mean,DICE_std,DICE_ci95,CI_mean,CI_std,CI_ci95
500.0,5,0.7597180810175602,0.17068441545144536,0.21193269372051438,0.6953829196978768,0.1368590360043323,0.1699329378354525,0.8136045396772413,0.10424909778603018,0.12944235156613765,0.053996696851966154,0.03376365595912955,0.04192311605218922
562.5,5,0.8205212551587433,0.15327315150362747,0.19031375411328572,0.7621038181624854,0.10690327208414732,0.13273794423706747,0.8613589986338759,0.07488894980275318,0.09298691283336769,0.03345561368422682,0.023745583525378068,0.02948403617980242
625.0,5,0.8465527227301486,0.1123313150946903,0.13947774982396027,0.7817264007726161,0.06734892236851647,0.08362473222280724,0.8761791940301278,0.04347125018887748,0.05397668631643785,0.024732487135324797,0.012089070882249307,0.015010564086222408
687.5,5,0.8460077281520292,0.07246530349187962,0.0899775584647766,0.7941159364420289,0.052062698400013395,0.06464437825263747,0.88450238988117,0.03199111045849577,0.03972221011887419,0.01970776653777765,0.00601949702235003,0.007474192739946805
750.0,5,0.8988412239737682,0.035370166950040444,0.043917862912321935,0.8459546800039293,0.02343142564663946,0.02909395765202063,0.9164092089025164,0.01384401996382435,0.017189621179494904,0.020073429370329375,0.0077635079535960955,0.00963966832574887
812.5,5,0.9087662169404572,0.03457246409027924,0.042927383990092265,0.8409537674186648,0.0355078252719395,0.04408878829467714,0.9132757641489408,0.02144257712996338,0.026624476050982976,0.023820742812225692,0.011872316699381127,0.014741428220894913
875.0,5,0.8726938381331631,0.04023462626479948,0.0499578869141852,0.8427185936648083,0.017728239614514394,0.022012516880872343,0.9145660064097015,0.010534469089835003,0.013080271009038523,0.017547880050070016,0.01659701642529706,0.02060791777288793
937.5,5,0.9183569902318023,0.05931081229884388,0.07364410033569561,0.7822622597007216,0.06761563568964395,0.08395590055149259,0.8765434606960139,0.04242394226357572,0.05267628177055718,0.04006222950723679,0.01809445166635316,0.02246722920134887
1062.5,5,0.9345921033679865,0.06089560690901283,0.07561188274768976,0.8290994050276325,0.07376159906927879,0.09158712201426392,0.9051234914622658,0.04473966946899127,0.05555163687118268,0.024931459409096364,0.013935957206318744,0.017303776343594323
1125.0,5,0.9029863203657248,0.062174379316864044,0.07719968840841497,0.8259278137962518,0.046118176015088275,0.05726327882075955,0.9041080861594122,0.027640190709429198,0.03431982970738446,0.01954004990281257,0.011681952081188012,0.014505059327952716
1187.5,5,0.8943022494139727,0.07351827929502695,0.09128500061052434,0.8216397605053556,0.041601225561884954,0.051654744061346805,0.9016403597570382,0.024508729429241444,0.030431606974006247,0.03698376968745216,0.01762284517832956,0.021881652403850652
1250.0,5,0.9148409957465921,0.05467841970834749,0.06789222523053037,0.7568214819877855,0.0701105027622941,0.0870536871759063,0.8600838617872014,0.046899331814830546,0.0582332118542876,0.054536896161864565,0.045295115692018294,0.0562413144492536
1312.5,5,0.9402776014765915,0.044695622160660475,0.055496944914210554,0.748536784465186,0.08380401512325499,0.1040564284834697,0.8540399770984985,0.056047880076492,0.06959263486662229,0.06095813558040283,0.053887283359155234,0.06690989970806799
1375.0,5,0.9660715256638424,0.049453201428644046,0.06140425980986638,0.7528433786919315,0.09997866216472322,0.12413990539851387,0.8559593451169107,0.06661869768011316,0.0827180385166173,0.033037217928584016,0.01035124151837668,0.012852763930080417
1437.5,5,0.9714831957810464,0.028388136854727932,0.03524852750859718,0.7680031932506939,0.10215711293322556,0.12684480928962255,0.8658355537126722,0.06374176554796125,0.07914585546284866,0.03705326693782699,0.02747917413035985,0.03411990121804012
1500.0,5,0.9550528552001032,0.023128538290414967,0.028717873326285552,0.7872537839319795,0.07832371777073242,0.09725174056139102,0.879261431010133,0.048589864619002776,0.06033228557501072,0.03475745871206069,0.012332954992280282,0.015313386205381838
1562.5,5,0.954483839279626,0.023961539163480768,0.029752180520843663,0.8102963229080498,0.04431284356585809,0.0550216625137614,0.8946749623225895,0.02724645730444272,0.03383094511352256,0.043836189907328585,0.03768928827551977,0.04679743236963622
1625.0,5,0.953615705765093,0.022416056769074485,0.02783321067185163,0.7783553898221095,0.07776490105581871,0.09655787796488816,0.8736167649396464,0.04998892075728249,0.06206944321337863,0.043856137228489696,0.030175840815350918,0.03746825515594902
1687.5,5,0.9682000755325042,0.02448589162406866,0.03040325009352521,0.7581368683145948,0.06702961875063781,0.0832282644159911,0.8611467953133516,0.04215522109319072,0.05234262036773494,0.045788410527592194,0.03705364178563162,0.04600817300755751
1750.0,5,0.9492583197216738,0.0318619031202509,0.0395617780186718,0.7542141088921733,0.1173442769055718,0.14570216402890218,0.8557728412682029,0.07697756067947721,0.09558026576525272,0.04555288556484431,0.06214978447550308,0.07716914987935554
1812.5,5,0.9559891738331354,0.02541016659028217,0.031550889043513525,0.743318942970798,0.046254849861580336,0.05743298181544477,0.8521153025500441,0.030520709878605147,0.03789646665588606,0.03610113068892244,0.038403155464789014,0.04768381555805075
1875.0,5,0.9553353221940941,0.0399997339632927,0.049666229599949,0.7575825449154252,0.07668666842332185,0.09521907532342834,0.8603620553879929,0.04903142519364646,0.06088055544357195,0.03198517441897751,0.01599296215077124,0.019857885327248123
1937.5,5,0.9551401449795988,0.035931267225032384,0.04461456092316166,0.7109536616349263,0.08997525616133381,0.11171903630468981,0.8285089843579101,0.06071456200694701,0.07538708581073632,0.036850073580106016,0.02367109125484625,0.029391541809338607
2000.0,5,0.9708757721285075,0.03497981674132419,0.04343317911146764,0.7070259767649888,0.09589142752033675,0.119064933288368,0.8254832261857656,0.06433389490539883,0.07988108116825844,0.04789563732283838,0.015436635679292885,0.01916711477636572
