record_type,test_id,replicate_id,simulation_seed,volume_spilled_m3,sim_particles,volume_per_particle_m3,sim_time,reference_feature_index,simulation_feature_index,SRA,CI,Jaccard,DICE
sanity_check,0,0,367761876,1000.0,96,10.416666666666666,2025-03-10T23:00:00,71,71,1.0000000000000002,0.0,1.0,1.0000000000000002
volume_test,1,0,367761876,500.0,48,10.416666666666666,2025-03-10T23:00:00,71,71,0.7877075764879764,0.02477875028501521,0.742217589737173,0.8520377639501701
volume_test,2,0,367761876,562.5,54,10.416666666666666,2025-03-10T23:00:00,71,71,0.8469787312663103,0.01294557101772893,0.8145483986871457,0.8977973795314456
volume_test,3,0,367761876,625.0,60,10.416666666666666,2025-03-10T23:00:00,71,71,0.8130071997964219,0.011020184595143753,0.758706793034194,0.8628007761603512
volume_test,4,0,367761876,687.5,66,10.416666666666666,2025-03-10T23:00:00,71,71,0.7908597634247044,0.024938116392452307,0.7350948409191643,0.8473252569061229
volume_test,5,0,367761876,750.0,72,10.416666666666666,2025-03-10T23:00:00,71,71,0.8833763130987954,0.0168695089785326,0.810009694131695,0.8950335423703587
volume_test,6,0,367761876,812.5,78,10.416666666666666,2025-03-10T23:00:00,71,71,0.8936512793577711,0.029421950864839043,0.850561574637162,0.9192469856658905
volume_test,7,0,367761876,875.0,84,10.416666666666666,2025-03-10T23:00:00,71,71,0.845188023832135,0.0027951648957262867,0.8424879973708369,0.914511246285499
volume_test,8,0,367761876,937.5,90,10.416666666666666,2025-03-10T23:00:00,71,71,0.9864821482672639,0.031499988319266266,0.7271709230516704,0.8420370136464072
volume_test,9,0,367761876,1062.5,102,10.416666666666666,2025-03-10T23:00:00,71,71,0.9940352801887412,0.029079159707253863,0.7203866236431223,0.8374706170612067
volume_test,10,0,367761876,1125.0,108,10.416666666666666,2025-03-10T23:00:00,71,71,0.9833349628401378,0.026905065151859982,0.7674398841127213,0.8684197872992772
volume_test,11,0,367761876,1187.5,114,10.416666666666666,2025-03-10T23:00:00,71,71,0.975144646083146,0.018787150348695113,0.8034246914453367,0.8909988814686102
volume_test,12,0,367761876,1250.0,120,10.416666666666666,2025-03-10T23:00:00,71,71,0.9790902038767236,0.0087885000227516,0.7707740324721447,0.8705504128000714
volume_test,13,0,367761876,1312.5,126,10.416666666666666,2025-03-10T23:00:00,71,71,0.983441441573979,0.029634085868721006,0.7522742986039402,0.8586261856414632
volume_test,14,0,367761876,1375.0,132,10.416666666666666,2025-03-10T23:00:00,71,71,0.9865595910933026,0.01979256585429536,0.6902195188884519,0.8167217467023031
volume_test,15,0,367761876,1437.5,138,10.416666666666666,2025-03-10T23:00:00,71,71,0.9779100620253653,0.030528175579344733,0.6695270223170916,0.8020559276577297
volume_test,16,0,367761876,1500.0,144,10.416666666666666,2025-03-10T23:00:00,71,71,0.9584494821128765,0.031104549932175714,0.7197785622387564,0.8370595820217327
volume_test,17,0,367761876,1562.5,150,10.416666666666666,2025-03-10T23:00:00,71,71,0.9685621336018319,0.025676849318024456,0.8284652612797271,0.906186492927847
volume_test,18,0,367761876,1625.0,156,10.416666666666666,2025-03-10T23:00:00,71,71,0.9570583086194178,0.025157697372798448,0.818365078803691,0.9001108615021288
volume_test,19,0,367761876,1687.5,162,10.416666666666666,2025-03-10T23:00:00,71,71,0.9471135833725232,0.034697403955755775,0.7763930170067304,0.8741230229726769
volume_test,20,0,367761876,1750.0,168,10.416666666666666,2025-03-10T23:00:00,71,71,0.9725706071654078,0.030862479947232062,0.7478855665526273,0.8557603322140708
volume_test,21,0,367761876,1812.5,174,10.416666666666666,2025-03-10T23:00:00,71,71,0.957860063867631,0.008933049835843832,0.777560116500441,0.8748622443568953
volume_test,22,0,367761876,1875.0,180,10.416666666666666,2025-03-10T23:00:00,71,71,0.9797451887579199,0.03344879598017751,0.7144602975674259,0.8334521348568265
volume_test,23,0,367761876,1937.5,186,10.416666666666666,2025-03-10T23:00:00,71,71,0.956575013569324,0.021340589398152945,0.7563984203616663,0.8613061952149953
volume_test,24,0,367761876,2000.0,192,10.416666666666666,2025-03-10T23:00:00,71,71,0.9825599178766505,0.024960175565175144,0.748254385768218,0.8560017259037803
sanity_check,0,1,1767922150,1000.0,96,10.416666666666666,2025-03-10T23:00:00,71,71,1.0000000000000002,0.0,1.0,1.0000000000000002
volume_test,1,1,1767922150,500.0,48,10.416666666666666,2025-03-10T23:00:00,71,71,0.8432747737589492,0.02779322459808615,0.8296129991530017,0.9068726550773911
volume_test,2,1,1767922150,562.5,54,10.416666666666666,2025-03-10T23:00:00,71,71,0.7955967136723622,0.016665309969334255,0.7820078112852967,0.877670463993372
volume_test,3,1,1767922150,625.0,60,10.416666666666666,2025-03-10T23:00:00,71,71,0.8287945915811056,0.013421306735084577,0.7942100798256345,0.8853033307034169
volume_test,4,1,1767922150,687.5,66,10.416666666666666,2025-03-10T23:00:00,71,71,0.8309087303461938,0.016743145250238987,0.7859191424612705,0.8801284714134988
volume_test,5,1,1767922150,750.0,72,10.416666666666666,2025-03-10T23:00:00,71,71,0.927282401396735,0.015088672799728428,0.8448261312285382,0.9158869954491946
volume_test,6,1,1767922150,812.5,78,10.416666666666666,2025-03-10T23:00:00,71,71,0.8778847337572406,0.02906205052564804,0.7792241477133686,0.8759145369230978
volume_test,7,1,1767922150,875.0,84,10.416666666666666,2025-03-10T23:00:00,71,71,0.8290887031210319,0.012858294343766999,0.8131612709279142,0.8969541584260454
volume_test,8,1,1767922150,937.5,90,10.416666666666666,2025-03-10T23:00:00,71,71,0.8697283307449707,0.025405735666309288,0.8293902563243768,0.9067395581200878
volume_test,9,1,1767922150,1062.5,102,10.416666666666666,2025-03-10T23:00:00,71,71,0.8689092370271473,0.04327943078677191,0.8147498941429198,0.897919759381183
volume_test,10,1,1767922150,1125.0,108,10.416666666666666,2025-03-10T23:00:00,71,71,0.8735850877950321,0.03529091481174269,0.8394637820869324,0.912726622031707
volume_test,11,1,1767922150,1187.5,114,10.416666666666666,2025-03-10T23:00:00,71,71,0.8375769679771562,0.018261901199675808,0.8213405433200932,0.9019077144386043
volume_test,12,1,1767922150,1250.0,120,10.416666666666666,2025-03-10T23:00:00,71,71,0.8846285660949929,0.11938232174294071,0.6443955901635157,0.7837476505266446
volume_test,13,1,1767922150,1312.5,126,10.416666666666666,2025-03-10T23:00:00,71,71,0.96100676221559,0.15581897177307066,0.6219350063141785,0.7669049670831353
volume_test,14,1,1767922150,1375.0,132,10.416666666666666,2025-03-10T23:00:00,71,71,0.9965038134298753,0.04364222523185226,0.7871108718555464,0.8808752543017064
volume_test,15,1,1767922150,1437.5,138,10.416666666666666,2025-03-10T23:00:00,71,71,0.999089410195021,0.08357056311071755,0.7193861431079628,0.8367941616740062
volume_test,16,1,1767922150,1500.0,144,10.416666666666666,2025-03-10T23:00:00,71,71,0.983710139418894,0.05530826452034288,0.7586190957308981,0.8627440672883228
volume_test,17,1,1767922150,1562.5,150,10.416666666666666,2025-03-10T23:00:00,71,71,0.9711210370879388,0.006376756306211389,0.8430252801929243,0.9148276903772871
volume_test,18,1,1767922150,1625.0,156,10.416666666666666,2025-03-10T23:00:00,71,71,0.9702517558720334,0.09667700692199059,0.686237433427126,0.8139274100117819
volume_test,19,1,1767922150,1687.5,162,10.416666666666666,2025-03-10T23:00:00,71,71,0.9502885679098776,0.05936358489475831,0.714034768544847,0.833162525811581
volume_test,20,1,1767922150,1750.0,168,10.416666666666666,2025-03-10T23:00:00,71,71,0.9023944376776075,0.1552556609368424,0.6074646671289388,0.7558046898958222
volume_test,21,1,1767922150,1812.5,174,10.416666666666666,2025-03-10T23:00:00,71,71,0.9278829511206913,0.04479429926448579,0.7276747257285949,0.8423746841833578
volume_test,22,1,1767922150,1875.0,180,10.416666666666666,2025-03-10T23:00:00,71,71,0.9030542130787487,0.053736203649301297,0.7076213061006663,0.828780132424688
volume_test,23,1,1767922150,1937.5,186,10.416666666666666,2025-03-10T23:00:00,71,71,0.8998661052806465,0.06846666528550711,0.6492144070367422,0.7873014015239241
volume_test,24,1,1767922150,2000.0,192,10.416666666666666,2025-03-10T23:00:00,71,71,0.9125788311848223,0.05252325492549076,0.6547527422057116,0.7913602141344165
sanity_check,0,2,1023912954,1000.0,96,10.416666666666666,2025-03-10T23:00:00,71,71,1.0,0.0,1.0,1.0
volume_test,1,2,1023912954,500.0,48,10.416666666666666,2025-03-10T23:00:00,71,71,0.9020985141826203,0.04157410093032897,0.7326972023619811,0.8457302307214215
volume_test,2,2,1023912954,562.5,54,10.416666666666666,2025-03-10T23:00:00,71,71,0.9808024131260733,0.028050536028140893,0.8205865556655398,0.9014529445050965
volume_test,3,2,1023912954,625.0,60,10.416666666666666,2025-03-10T23:00:00,71,71,0.9926992042351482,0.026780042471694878,0.8506517581172693,0.9192996514726892
volume_test,4,2,1023912954,687.5,66,10.416666666666666,2025-03-10T23:00:00,71,71,0.9278125792078048,0.010729184398397469,0.8720300998908752,0.931641109768169
volume_test,5,2,1023912954,750.0,72,10.416666666666666,2025-03-10T23:00:00,71,71,0.9066854988743723,0.02695494659630424,0.8601120081782506,0.9247959309940927
volume_test,6,2,1023912954,812.5,78,10.416666666666666,2025-03-10T23:00:00,71,71,0.9314643141321314,0.03754597195209429,0.8668424719354725,0.9286723277050348
volume_test,7,2,1023912954,875.0,84,10.416666666666666,2025-03-10T23:00:00,71,71,0.8882340331883883,0.026114599822499886,0.847415256246457,0.9174063637086214
volume_test,8,2,1023912954,937.5,90,10.416666666666666,2025-03-10T23:00:00,71,71,0.9561268226871754,0.03485568677684485,0.8688924967312657,0.9298474880186889
volume_test,9,2,1023912954,1062.5,102,10.416666666666666,2025-03-10T23:00:00,71,71,0.9955396028797776,0.005104305790338206,0.9232155162646204,0.9600749457946814
volume_test,10,2,1023912954,1125.0,108,10.416666666666666,2025-03-10T23:00:00,71,71,0.9546926101942113,0.0056772978552999944,0.889147994680183,0.9413216933602058
volume_test,11,2,1023912954,1187.5,114,10.416666666666666,2025-03-10T23:00:00,71,71,0.9671440327259103,0.04446445087961001,0.8925482596364048,0.943223777879125
volume_test,12,2,1023912954,1250.0,120,10.416666666666666,2025-03-10T23:00:00,71,71,0.9448434779759459,0.024661079716366063,0.8293849347412432,0.9067363778838119
volume_test,13,2,1023912954,1312.5,126,10.416666666666666,2025-03-10T23:00:00,71,71,0.9289285301834226,0.052661812582587654,0.8547601821910895,0.9216934786483633
volume_test,14,2,1023912954,1375.0,132,10.416666666666666,2025-03-10T23:00:00,71,71,0.9665760556593332,0.025054395845605742,0.8658215959664061,0.928086155544749
volume_test,15,2,1023912954,1437.5,138,10.416666666666666,2025-03-10T23:00:00,71,71,0.9689164923002763,0.03118882539502315,0.9167608545040878,0.9565730146771769
volume_test,16,2,1023912954,1500.0,144,10.416666666666666,2025-03-10T23:00:00,71,71,0.9653758010243246,0.03629221956855151,0.8749833499329592,0.9333238612110853
volume_test,17,2,1023912954,1562.5,150,10.416666666666666,2025-03-10T23:00:00,71,71,0.967228798659893,0.04388216511076183,0.8539823559619933,0.9212410821664819
volume_test,18,2,1023912954,1625.0,156,10.416666666666666,2025-03-10T23:00:00,71,71,0.9218326820941719,0.025757869782785617,0.8475078096710258,0.9174605977139889
volume_test,19,2,1023912954,1687.5,162,10.416666666666666,2025-03-10T23:00:00,71,71,0.9906502387932068,0.010252233275633488,0.8663941138777154,0.9284149659877079
volume_test,20,2,1023912954,1750.0,168,10.416666666666666,2025-03-10T23:00:00,71,71,0.9595696789421931,0.007975884012945845,0.8897137641234507,0.9416386555623636
volume_test,21,2,1023912954,1812.5,174,10.416666666666666,2025-03-10T23:00:00,71,71,0.9856684569398193,0.011383455251540595,0.7996031959553784,0.888643894112316
volume_test,22,2,1023912954,1875.0,180,10.416666666666666,2025-03-10T23:00:00,71,71,0.9860344803446327,0.023362653404126122,0.8306688925684675,0.9075031491937571
volume_test,23,2,1023912954,1937.5,186,10.416666666666666,2025-03-10T23:00:00,71,71,1.0,0.014013792939635962,0.8388226058572003,0.9123475023477514
volume_test,24,2,1023912954,2000.0,192,10.416666666666666,2025-03-10T23:00:00,71,71,0.9964926591871202,0.04023255426191818,0.8511000542813421,0.9195613735874122
sanity_check,0,3,1190329654,1000.0,96,10.416666666666666,2025-03-10T23:00:00,71,71,0.9999999999999999,0.0,1.0,0.9999999999999999
volume_test,1,3,1190329654,500.0,48,10.416666666666666,2025-03-10T23:00:00,71,71,0.8004688032590437,0.0711273159908889,0.7075880613716186,0.8287573301528546
volume_test,2,3,1190329654,562.5,54,10.416666666666666,2025-03-10T23:00:00,71,71,0.9037291917235413,0.03731913885445386,0.8203570527456092,0.9013144443374735
volume_test,3,3,1190329654,625.0,60,10.416666666666666,2025-03-10T23:00:00,71,71,0.9067795070062592,0.03670696337046998,0.8267017518973483,0.9051305184753622
volume_test,4,3,1190329654,687.5,66,10.416666666666666,2025-03-10T23:00:00,71,71,0.9143124428262982,0.0247443272252166,0.8128883208816066,0.8967880828823541
volume_test,5,3,1190329654,750.0,72,10.416666666666666,2025-03-10T23:00:00,71,71,0.931313646010633,0.011845407287951389,0.8722418931100817,0.931761965502393
volume_test,6,3,1190329654,812.5,78,10.416666666666666,2025-03-10T23:00:00,71,71,0.9579139399970614,0.008817144525344378,0.8620092670270052,0.9258914896845205
volume_test,7,3,1190329654,875.0,84,10.416666666666666,2025-03-10T23:00:00,71,71,0.9323521736762094,0.003884869842615373,0.8600927414756255,0.9247847941101209
volume_test,8,3,1190329654,937.5,90,10.416666666666666,2025-03-10T23:00:00,71,71,0.9344397590503252,0.07145633577916304,0.7080550745963528,0.8290775691336374
volume_test,9,3,1190329654,1062.5,102,10.416666666666666,2025-03-10T23:00:00,71,71,0.9370232586221292,0.027224570409502085,0.8587700874170171,0.9240196980040429
volume_test,10,3,1190329654,1125.0,108,10.416666666666666,2025-03-10T23:00:00,71,71,0.8616556074387004,0.012845547445998409,0.8360268666471046,0.9106913213899002
volume_test,11,3,1190329654,1187.5,114,10.416666666666666,2025-03-10T23:00:00,71,71,0.8763191893475961,0.05767680695292597,0.8051940021805666,0.892085838096009
volume_test,12,3,1190329654,1250.0,120,10.416666666666666,2025-03-10T23:00:00,71,71,0.9273606979004337,0.0818133808500175,0.7450119382584314,0.8538760359450278
volume_test,13,3,1190329654,1312.5,126,10.416666666666666,2025-03-10T23:00:00,71,71,0.9597699551161601,0.028810237795167414,0.7391286654908703,0.8499988300546469
volume_test,14,3,1190329654,1375.0,132,10.416666666666666,2025-03-10T23:00:00,71,71,0.9999999999999999,0.04155484855299147,0.6142453403540992,0.7610309597912285
volume_test,15,3,1190329654,1437.5,138,10.416666666666666,2025-03-10T23:00:00,71,71,0.9247783817970858,0.029920160586545414,0.7057181370886703,0.8274733342440733
volume_test,16,3,1190329654,1500.0,144,10.416666666666666,2025-03-10T23:00:00,71,71,0.9461623514944687,0.025045738911162498,0.7158331883974518,0.8343855256302836
volume_test,17,3,1190329654,1562.5,150,10.416666666666666,2025-03-10T23:00:00,71,71,0.9516584713923998,0.03694702971418849,0.7689913521185883,0.869412223183137
volume_test,18,3,1190329654,1625.0,156,10.416666666666666,2025-03-10T23:00:00,71,71,0.9773934592588029,0.04067703506810281,0.7020995793760864,0.8249806155682683
volume_test,19,3,1190329654,1687.5,162,10.416666666666666,2025-03-10T23:00:00,71,71,0.9987433451576541,0.02123183905751715,0.6999289411666205,0.8234802340458702
volume_test,20,3,1190329654,1750.0,168,10.416666666666666,2025-03-10T23:00:00,71,71,0.9796172374049098,0.008515523165497264,0.6764336112249419,0.8069912303066779
volume_test,21,3,1190329654,1812.5,174,10.416666666666666,2025-03-10T23:00:00,71,71,0.9755093270066719,0.015615538266724804,0.6816984896999362,0.8107261722302789
volume_test,22,3,1190329654,1875.0,180,10.416666666666666,2025-03-10T23:00:00,71,71,0.9865121763518908,0.038236007670252814,0.6850397007232233,0.81308434505039
volume_test,23,3,1190329654,1937.5,186,10.416666666666666,2025-03-10T23:00:00,71,71,0.9648367644177936,0.05533075545478601,0.6108362582798343,0.7584088763089246
volume_test,24,3,1190329654,2000.0,192,10.416666666666666,2025-03-10T23:00:00,71,71,0.9658389466692443,0.06308805147863057,0.6034798778423656,0.7527127545303562
sanity_check,0,4,485754607,1000.0,96,10.416666666666666,2025-03-10T23:00:00,71,71,1.0,0.0,1.0,1.0
volume_test,1,4,485754607,500.0,48,10.416666666666666,2025-03-10T23:00:00,71,71,0.4650407373992115,0.10471009245551154,0.46479874586561043,0.6346247184843697
volume_test,2,4,485754607,562.5,54,10.416666666666666,2025-03-10T23:00:00,71,71,0.5754992260054296,0.0722975125514762,0.5730192724288353,0.7285597608019921
volume_test,3,4,485754607,625.0,60,10.416666666666666,2025-03-10T23:00:00,71,71,0.6914831110318077,0.035733938504230796,0.6783616209886338,0.8083616933388186
volume_test,4,4,485754607,687.5,66,10.416666666666666,2025-03-10T23:00:00,71,71,0.7661451249551444,0.021384059422582886,0.7646472780572281,0.8666290284357049
volume_test,5,4,485754607,750.0,72,10.416666666666666,2025-03-10T23:00:00,71,71,0.8455482604883052,0.029608611189130225,0.8425836733710806,0.914567610196543
volume_test,6,4,485754607,812.5,78,10.416666666666666,2025-03-10T23:00:00,71,71,0.8829168174580814,0.014256596193202716,0.8461313757803156,0.9166534807661605
volume_test,7,4,485754607,875.0,84,10.416666666666666,2025-03-10T23:00:00,71,71,0.8686062568480519,0.04208647134574154,0.8504357023032076,0.9191734695182214
volume_test,8,4,485754607,937.5,90,10.416666666666666,2025-03-10T23:00:00,71,71,0.845007890409276,0.0370934009946005,0.7778025477999426,0.8750156745612478
volume_test,9,4,485754607,1062.5,102,10.416666666666666,2025-03-10T23:00:00,71,71,0.8774531381221364,0.019969830351615744,0.828374903670483,0.9061324370702145
volume_test,10,4,485754607,1125.0,108,10.416666666666666,2025-03-10T23:00:00,71,71,0.841663333560542,0.016981424249161797,0.797560541454318,0.8873810067159701
volume_test,11,4,485754607,1187.5,114,10.416666666666666,2025-03-10T23:00:00,71,71,0.8153264109360548,0.04572853905635388,0.7856913059443772,0.8799855869028417
volume_test,12,4,485754607,1250.0,120,10.416666666666666,2025-03-10T23:00:00,71,71,0.8382820328848642,0.03803919847724695,0.7945409143035927,0.8855088317804518
volume_test,13,4,485754607,1312.5,126,10.416666666666666,2025-03-10T23:00:00,71,71,0.8682413182938051,0.03786556988246743,0.7745857697258509,0.8729764240648837
volume_test,14,4,485754607,1375.0,132,10.416666666666666,2025-03-10T23:00:00,71,71,0.8807181681367009,0.035142054158175264,0.8068195663951543,0.893082609244567
volume_test,15,4,485754607,1437.5,138,10.416666666666666,2025-03-10T23:00:00,71,71,0.9867216325874839,0.010058610017504098,0.8286238092356571,0.9062813303103749
volume_test,16,4,485754607,1500.0,144,10.416666666666666,2025-03-10T23:00:00,71,71,0.9215665019499518,0.026036520628070856,0.8670547233598319,0.9287941188992402
volume_test,17,4,485754607,1562.5,150,10.416666666666666,2025-03-10T23:00:00,71,71,0.9138487556560664,0.10629814908745673,0.7570173649870152,0.8617073229581942
volume_test,18,4,485754607,1625.0,156,10.416666666666666,2025-03-10T23:00:00,71,71,0.9415423229810396,0.03101107699677102,0.8375670478326188,0.9116043399020632
volume_test,19,4,485754607,1687.5,162,10.416666666666666,2025-03-10T23:00:00,71,71,0.9542046424292598,0.10339699145429625,0.7339335009770607,0.8465532277489229
volume_test,20,4,485754607,1750.0,168,10.416666666666666,2025-03-10T23:00:00,71,71,0.9321396374182518,0.025154879761704007,0.8495729354309076,0.9186692983620794
volume_test,21,4,485754607,1812.5,174,10.416666666666666,2025-03-10T23:00:00,71,71,0.9330250702308638,0.0997793108260172,0.7300581869696392,0.8439695178673724
volume_test,22,4,485754607,1875.0,180,10.416666666666666,2025-03-10T23:00:00,71,71,0.9213305524372788,0.011142211391029838,0.8501225276173426,0.9189905154143029
volume_test,23,4,485754607,1937.5,186,10.416666666666666,2025-03-10T23:00:00,71,71,0.95442284163023,0.025098564822448075,0.6994966166391886,0.8231809463939551
volume_test,24,4,485754607,2000.0,192,10.416666666666666,2025-03-10T23:00:00,71,71,0.9969085057247,0.058674150382977255,0.6775428237273068,0.8077800627728627
